{"3":{"selected":"65837F2C-2724-450C-BF0B-D9FC8B2B71DF","root":{"child1":{"size":{"h":1859,"w":1186.5652640016795},"leaf":true,"windows":[{"id":97,"windowIndex":1,"title":"init.lua — .hammerspoon","bundleID":"com.todesktop.230313mzl4w4u92"}],"id":"808F0215-9F24-425A-BBE0-92CF24EC88B6","position":{"x":0,"y":31}},"position":{"x":0,"y":31},"child2":{"child1":{"size":{"h":705,"w":2173.4347359983208},"leaf":true,"windows":[{"id":111,"windowIndex":2,"title":"Hammerspoon docs: hs.application","bundleID":"com.apple.Safari"}],"id":"513D859B-D544-4BCA-9B57-829A78A40DD3","position":{"x":1186.5652640016795,"y":31}},"position":{"x":1186.5652640016795,"y":31},"child2":{"child1":{"size":{"h":1153.9999999999998,"w":892.8140116263462},"leaf":true,"windows":[{"id":565,"windowIndex":3,"title":"Start Page","bundleID":"com.apple.Safari"}],"id":"380663EF-0BBD-4E16-8683-0D1578F177CB","position":{"x":1186.5652640016795,"y":736}},"position":{"x":1186.5652640016795,"y":736},"child2":{"size":{"h":1153.9999999999998,"w":1280.6207243719746},"leaf":true,"windows":[{"id":567,"windowIndex":1,"title":"Login or Sign Up - Dropbox","bundleID":"com.apple.Safari"}],"id":"65837F2C-2724-450C-BF0B-D9FC8B2B71DF","position":{"x":2079.3792756280254,"y":736}},"id":"587DBD61-DB66-428A-9B42-C75B8D583620","split_ratio":0.41078482681756312,"windows":[],"size":{"h":1153.9999999999998,"w":2173.4347359983208},"split_type":true,"leaf":false},"id":"8156E2A4-5B76-4D26-8192-AFA3DB4772B2","split_ratio":0.37923614846691772,"windows":[],"size":{"h":1859,"w":2173.4347359983208},"split_type":false,"leaf":false},"id":"C6EAA823-9EA3-49C5-80A6-6457187CEAFA","split_ratio":0.35314442381002364,"windows":[],"size":{"h":1859,"w":3360},"split_type":true,"leaf":false}},"11":{"selected":"1A16B2CF-9BF8-4C90-B2D4-D5AD28DFF8BC","root":{"size":{"h":1289,"w":2056},"leaf":true,"windows":[{"id":116,"bundleID":"com.spotify.client","title":""}],"id":"1A16B2CF-9BF8-4C90-B2D4-D5AD28DFF8BC","position":{"x":-2056,"y":267}}}}